PIs,POs,AND_Gates_Before,Levels_Before,Step_1,Step_2,Step_3,Step_4,Step_5,Step_6,Step_7,Step_8,Step_9,Step_10,Step_11,Step_12,Step_13,Step_14,Step_15,Step_16,Step_17,Step_18,Step_19,Step_20,ND,Edge,Area,Delay,Levels_After,Power
632,409,29623,818,resub,resyn2,rwsat,resyn,drw,balance,resyn2,drf,share,drwsat2,drwsat2,choice,strash,resyn,resub -z,balance,choice,strash,compress2,rewrite -z,14704,34740,14704.0,943.0,943,14950.77
494,441,6978,72,drwsat2,refactor -z,compress2,rewrite,resub -z,rewrite,drwsat2,resub,refactor,refactor,balance,compress,rwsat,refactor,resyn,choice,strash,drf,drf,rewrite -z,3475,7365,3475.0,48.0,48,3810.52
494,441,6978,72,resub -z,refactor,resub -z,compress,rwsat,dc2,drw,drf,share,choice2,strash,rewrite -z,drwsat2,share,resub,resyn2a,rewrite -z,resyn2,share,compress2,3490,7454,3490.0,51.0,51,3837.54
632,409,29623,818,resub -z,compress,resyn2a,resyn,rewrite,resub -z,rewrite -z,resyn3,resub,refactor -z,resyn,rwsat,share,resub -z,resyn2,resyn3,refactor,resub,drwsat2,drf,14966,35098,14966.0,807.0,807,15055.89
632,409,29623,818,compress,resyn2,balance,refactor -z,compress2,resyn2a,balance,resyn3,refactor,rwsat,resub,refactor,balance,resub,resub,share,resub,refactor -z,resyn,drw,15442,36081,15442.0,884.0,884,15381.06
494,441,6978,72,compress2,resyn,choice2,strash,choice,strash,resub,resyn2a,choice,strash,compress,dc2,balance,compress2,drwsat2,refactor,rewrite,drwsat2,compress2,share,3807,8376,3807.0,54.0,54,4266.59
632,409,29623,818,refactor -z,choice2,strash,rwsat,rewrite,resub -z,resyn2,choice2,strash,resyn2,resyn2a,balance,compress,rwsat,drf,choice,strash,compress,balance,drw,15096,35098,15096.0,887.0,887,15209.91
2708,2575,18094,32,refactor -z,choice2,strash,balance,refactor,drf,drwsat2,resyn2,rewrite -z,share,refactor -z,resub,resyn,compress,choice,strash,resyn2,compress,rewrite,rewrite,8177,22456,8177.0,17.0,17,10732.51
2708,2575,18094,32,choice,strash,refactor -z,drf,resyn3,drf,choice,strash,drw,choice2,strash,resub,resyn,compress,rwsat,refactor -z,resyn3,resub,choice2,strash,8761,24104,8761.0,16.0,16,11985.18
632,409,29623,818,rewrite -z,rwsat,resyn2,resyn2a,compress2,resub -z,drw,rwsat,drf,drwsat2,refactor -z,compress2,balance,refactor -z,resub,rwsat,resub,resyn2,rewrite,resyn2,15264,35865,15264.0,851.0,851,15521.32
2708,2575,18094,32,resub -z,refactor -z,dc2,resyn3,resub,compress,resyn2,share,refactor,drw,resub -z,compress2,resyn2a,refactor,drf,choice,strash,rwsat,drwsat2,resyn3,8596,23156,8596.0,16.0,16,11031.38
494,441,6978,72,share,refactor,drf,drwsat2,compress2,share,rwsat,compress2,compress2,refactor,refactor -z,choice2,strash,resyn2a,compress2,drf,resub -z,refactor -z,resub,refactor -z,3525,7491,3525.0,56.0,56,3853.39
632,409,29623,818,share,choice2,strash,dc2,drf,resub -z,drf,drw,choice2,strash,drwsat2,choice2,strash,rwsat,balance,share,compress2,share,dc2,drf,14589,34498,14589.0,1040.0,1040,14741.79
632,409,29623,818,refactor,refactor -z,rewrite,compress2,drw,resub,refactor -z,rwsat,balance,rewrite,refactor -z,resub,resyn3,resub,dc2,resyn2,refactor -z,drf,rewrite -z,drwsat2,14953,35295,14953.0,819.0,819,15250.33
632,409,29623,818,drw,refactor,compress2,balance,choice,strash,rwsat,rewrite -z,refactor,drwsat2,drwsat2,resub -z,choice2,strash,drw,rewrite -z,resyn,drwsat2,drf,resyn2a,15050,34678,15050.0,882.0,882,15064.86
632,409,29623,818,choice,strash,rwsat,balance,rewrite,drw,choice2,strash,resub -z,rewrite,compress2,balance,drwsat2,drw,resyn3,resub,compress2,resyn3,compress2,dc2,14579,33695,14579.0,999.0,999,14568.56
494,441,6978,72,drwsat2,resyn,resyn2,resyn,compress2,drw,balance,resyn3,balance,drwsat2,share,compress2,share,resub -z,resyn,rewrite -z,resub -z,choice2,strash,resyn3,3521,7469,3521.0,48.0,48,3853.16
2708,2575,18094,32,share,drw,dc2,resyn2,drwsat2,share,resyn,compress,dc2,resyn,rewrite,choice2,strash,rewrite -z,rwsat,rewrite,balance,drw,drwsat2,resyn,7501,22178,7501.0,18.0,18,10549.82
494,441,6978,72,rewrite -z,drf,rewrite -z,compress,resub,resub -z,choice2,strash,resyn,resyn,resub -z,share,choice,strash,resyn2a,resub -z,resyn3,drw,drf,resyn2a,3520,7490,3520.0,50.0,50,3859.17
494,441,6978,72,resyn3,rewrite,choice,strash,compress,resub,compress2,balance,rewrite,compress2,dc2,resub -z,rewrite,rwsat,choice,strash,share,drwsat2,compress,resub -z,3564,7607,3564.0,51.0,51,3909.23
494,441,6978,72,resub,resyn2a,drw,resub -z,resyn2a,resub,resyn2,rewrite -z,compress2,resyn3,compress2,refactor -z,choice2,strash,drw,rewrite,resub,resyn3,dc2,rwsat,3442,7269,3442.0,53.0,53,3748.94
632,409,29623,818,drw,drwsat2,refactor,resub,dc2,compress,choice2,strash,rewrite -z,share,refactor,drf,drf,compress2,resyn2a,resyn,drf,rewrite -z,drf,drwsat2,14801,34655,14801.0,958.0,958,14946.72
632,409,29623,818,resub,drw,choice,strash,compress2,refactor,drw,refactor,rewrite,resub,resub,refactor -z,refactor,rewrite -z,choice2,strash,rewrite,rewrite,choice,strash,15083,35775,15083.0,756.0,756,15420.54
494,441,6978,72,resub -z,refactor -z,rewrite -z,drwsat2,resub -z,compress2,choice,strash,compress2,compress,drf,drf,drwsat2,resyn3,choice,strash,resyn3,dc2,rwsat,compress,3461,7327,3461.0,49.0,49,3781.13
494,441,6978,72,rewrite -z,rewrite,rewrite -z,share,resub -z,rwsat,choice,strash,share,drf,resyn2a,choice,strash,drw,rewrite,drw,resyn2a,drw,resyn3,compress2,3517,7463,3517.0,50.0,50,3851.96
2708,2575,18094,32,resyn2a,resyn,rwsat,choice,strash,dc2,drw,refactor -z,resub,balance,drw,drw,dc2,resyn2,resub,drw,rwsat,refactor,drw,rewrite -z,9005,24314,9005.0,18.0,18,12106.69
632,409,29623,818,balance,refactor -z,drw,compress,balance,drw,rewrite -z,choice,strash,refactor -z,rewrite -z,choice2,strash,drwsat2,choice2,strash,resyn,rewrite -z,compress,drw,15401,36814,15401.0,597.0,597,15869.51
632,409,29623,818,rwsat,rewrite,refactor,drf,compress2,refactor -z,drw,dc2,compress2,resyn,resyn,share,resyn2a,resyn3,resyn3,refactor -z,resyn2a,drw,resub -z,balance,15167,35430,15167.0,918.0,918,15099.17
632,409,29623,818,rewrite,balance,resub -z,drw,compress,dc2,compress,choice,strash,resyn,resyn3,balance,resyn2,dc2,resyn,refactor,rwsat,resyn,choice,strash,14764,34124,14764.0,952.0,952,14741.62
494,441,6978,72,resyn2a,rewrite -z,resyn2,resub -z,dc2,rewrite,resub,refactor,choice,strash,rewrite -z,share,resyn3,choice2,strash,rewrite,resub -z,drf,drwsat2,resyn2,3477,7397,3477.0,55.0,55,3809.32
494,441,6978,72,choice2,strash,dc2,resyn2a,resyn2,rwsat,drw,resyn,rewrite -z,drw,resyn2,resub -z,refactor,refactor,resyn2a,refactor -z,rewrite -z,compress2,drf,drwsat2,3423,7265,3423.0,54.0,54,3757.17
632,409,29623,818,resyn,refactor -z,rwsat,balance,resyn3,dc2,compress,rewrite -z,resyn,compress2,dc2,rewrite -z,resub -z,dc2,rewrite,resyn3,rewrite -z,dc2,refactor,compress,14731,34808,14731.0,963.0,963,14941.81
2708,2575,18094,32,dc2,resyn2,resyn2,refactor,resyn3,choice,strash,compress2,resyn3,share,dc2,refactor,rewrite -z,share,resyn2a,dc2,compress2,resyn2a,resyn2,share,8042,23110,8042.0,16.0,16,11125.77
632,409,29623,818,resyn,dc2,rewrite,compress2,resub,resub -z,refactor,rewrite,resyn3,refactor -z,resyn2,balance,compress,resyn3,balance,resub,rewrite -z,choice2,strash,share,15027,35144,15027.0,829.0,829,15037.36
2708,2575,18094,32,resyn3,rwsat,share,dc2,refactor,choice2,strash,dc2,refactor,drf,rewrite,resub,resyn3,drwsat2,drwsat2,refactor,resyn3,resyn2,rwsat,drw,7179,21832,7179.0,18.0,18,10336.9
2708,2575,18094,32,rwsat,resyn2a,compress2,drf,dc2,choice,strash,refactor,resyn2,balance,choice,strash,dc2,share,resyn,choice,strash,drw,dc2,rewrite -z,7870,22988,7870.0,19.0,19,10988.75
632,409,29623,818,rewrite,resyn3,drf,rwsat,resub,resyn2a,choice2,strash,drf,resyn2a,resyn2a,refactor,choice2,strash,resyn3,resyn2,rewrite -z,drwsat2,refactor,drf,15353,36595,15353.0,694.0,694,15774.0
632,409,29623,818,refactor -z,refactor -z,resub,resub -z,share,dc2,rewrite -z,resyn2a,resyn2a,drf,rewrite,rewrite,dc2,resub,refactor,rewrite,rwsat,compress2,resyn2,resyn3,14769,34497,14769.0,990.0,990,14737.55
2708,2575,18094,32,rewrite -z,choice2,strash,resyn3,balance,resyn2a,refactor,balance,rewrite,resyn3,compress2,resyn2a,refactor,balance,refactor -z,resub -z,dc2,resyn2a,rwsat,dc2,8872,23886,8872.0,18.0,18,11819.18
494,441,6978,72,resyn2a,refactor -z,resyn2,refactor -z,rewrite,resub,resyn3,resyn,share,drf,resyn,compress,rewrite,choice2,strash,resyn2,compress,compress,refactor,drwsat2,3545,7585,3545.0,54.0,54,3894.65
632,409,29623,818,refactor -z,drw,drw,refactor,balance,drw,compress2,refactor,resyn3,drwsat2,compress2,compress,drf,rewrite -z,choice2,strash,balance,resub -z,resub,resub -z,14547,34381,14547.0,871.0,871,14846.51
2708,2575,18094,32,resyn2,balance,dc2,dc2,drw,compress2,rewrite -z,drwsat2,drw,drf,rewrite,resyn,choice2,strash,choice,strash,balance,dc2,balance,rwsat,8527,23650,8527.0,19.0,19,11652.88
2708,2575,18094,32,resub,rewrite -z,compress,drf,resyn3,compress2,resyn2a,dc2,rewrite,choice,strash,drf,refactor -z,drwsat2,refactor -z,refactor,drf,balance,balance,resyn2a,9144,24594,9144.0,18.0,18,12226.69
2708,2575,18094,32,rwsat,rwsat,resub -z,rewrite,drf,resub,rewrite,rewrite,drwsat2,resyn2a,rwsat,rwsat,share,resyn2,drw,refactor -z,resyn2,resyn2,resub -z,resyn,7244,22123,7244.0,16.0,16,10427.73
2708,2575,18094,32,resyn2a,resyn2a,compress,rwsat,choice2,strash,drwsat2,refactor -z,resyn3,resyn2,dc2,choice2,strash,choice,strash,choice2,strash,share,drwsat2,rewrite,7360,22266,7360.0,16.0,16,10509.15
2708,2575,18094,32,compress,choice2,strash,compress2,drw,rewrite,resub,compress,resyn2a,rwsat,balance,rewrite -z,resyn2,refactor,refactor -z,compress,share,resub -z,choice2,strash,7183,21853,7183.0,16.0,16,10346.8
632,409,29623,818,rewrite,resub,resub -z,drf,rewrite -z,rewrite -z,refactor,refactor,refactor,resyn3,resub,rwsat,resyn,refactor,dc2,resyn,resyn2,refactor,refactor,compress,15370,35685,15370.0,744.0,744,15380.83
632,409,29623,818,resyn,compress2,resub -z,balance,rewrite -z,choice,strash,resyn,rewrite,dc2,drwsat2,compress,resyn,rwsat,resyn2a,rwsat,drwsat2,choice,strash,drw,15013,35436,15013.0,888.0,888,15293.49
2708,2575,18094,32,drw,resyn2a,drw,compress2,share,compress2,choice2,strash,choice,strash,refactor,rewrite -z,resyn,rewrite,drf,resyn2,compress,resyn2,drwsat2,rewrite -z,8082,22109,8082.0,17.0,17,10358.44
2708,2575,18094,32,drf,balance,rewrite,rewrite,resyn2,share,balance,choice,strash,refactor,resyn2a,resyn,drw,resub,drf,balance,drw,rewrite,rewrite,resyn2,8728,23628,8728.0,16.0,16,11231.71
494,441,6978,72,rwsat,rewrite -z,balance,share,resub -z,share,drwsat2,dc2,balance,resub -z,rewrite -z,share,resyn2a,choice2,strash,resyn2a,resyn,refactor,resub -z,resub,3472,7392,3472.0,55.0,55,3804.24
632,409,29623,818,resyn3,resyn3,choice,strash,resub -z,resyn2,resyn3,resyn3,compress2,share,refactor -z,resyn2a,drf,choice2,strash,compress,refactor,drf,share,refactor -z,15106,35636,15106.0,992.0,992,15369.16
632,409,29623,818,rwsat,drw,drf,resub -z,refactor,drf,refactor -z,resub,resyn,rwsat,rewrite,dc2,compress,drf,compress,resyn3,resyn2a,compress2,resyn,share,14820,34666,14820.0,966.0,966,14873.85
494,441,6978,72,dc2,compress,choice,strash,choice,strash,resyn2a,compress2,share,rwsat,resyn2a,drf,resyn2a,drw,share,rwsat,drwsat2,compress,compress2,resyn3,3520,7506,3520.0,55.0,55,3859.26
2708,2575,18094,32,rwsat,resyn3,resub,balance,resyn2,refactor -z,drf,dc2,share,rwsat,share,drwsat2,drf,share,drwsat2,dc2,drf,choice,strash,resub -z,7594,22527,7594.0,17.0,17,10656.59
632,409,29623,818,refactor,resyn2a,refactor -z,drw,drf,compress,rwsat,resyn,resyn2a,compress2,choice,strash,resub,drw,drw,drw,resyn2,resub -z,resyn2a,resyn,15525,35996,15525.0,820.0,820,15572.5
2708,2575,18094,32,resub,resyn3,refactor,compress2,drf,share,share,drwsat2,resyn3,rewrite -z,rewrite -z,rewrite -z,drw,resyn,resyn2a,compress,rewrite -z,share,drf,refactor -z,7461,21402,7461.0,17.0,17,10119.88
2708,2575,18094,32,resub,rewrite -z,refactor -z,drw,drwsat2,dc2,resyn2a,compress,compress,drwsat2,choice2,strash,resyn2,rewrite -z,drwsat2,refactor,rewrite,dc2,resyn,rewrite,8721,23887,8721.0,19.0,19,11852.15
494,441,6978,72,balance,resub -z,dc2,rewrite,compress,resub -z,resub,choice2,strash,compress,drw,dc2,resyn,refactor -z,drw,choice,strash,compress2,resyn2,share,3586,7759,3586.0,53.0,53,3978.87
2708,2575,18094,32,dc2,balance,rewrite -z,refactor -z,rwsat,resyn,refactor -z,rewrite -z,share,rewrite,refactor,compress2,compress2,resub -z,refactor -z,resub,resyn,resyn2a,resyn,rwsat,7886,22650,7886.0,16.0,16,10941.89
632,409,29623,818,resub -z,refactor,resyn2a,drf,compress,drf,resub -z,resyn3,compress,dc2,share,rwsat,resyn2a,balance,resub -z,refactor -z,resyn3,resyn3,compress2,resub -z,14654,34397,14654.0,1034.0,1034,14751.09
494,441,6978,72,resub -z,share,refactor -z,compress2,share,resyn2a,resyn2a,drw,resyn2,drf,refactor -z,resyn2a,resub,resub,rewrite,choice,strash,resyn3,drf,dc2,3367,7123,3367.0,51.0,51,3677.28
494,441,6978,72,rwsat,drf,rwsat,drw,resyn2a,drw,choice2,strash,choice,strash,compress2,choice2,strash,rwsat,rewrite -z,resyn2a,compress,refactor -z,drwsat2,compress,3626,7879,3626.0,55.0,55,4042.3
2708,2575,18094,32,drw,resyn3,choice,strash,balance,share,rewrite,rwsat,compress,rewrite -z,refactor -z,balance,choice,strash,choice2,strash,rewrite,resyn2,compress2,drw,7561,22576,7561.0,16.0,16,10640.0
632,409,29623,818,compress,dc2,drf,rewrite -z,refactor,balance,resub -z,resyn3,choice,strash,resyn3,drf,drwsat2,compress,refactor -z,compress,drw,choice2,strash,drf,14740,34543,14740.0,864.0,864,14952.17
2708,2575,18094,32,compress2,resyn2a,resyn,choice,strash,compress2,compress,resub,drwsat2,rewrite -z,drw,resyn2a,choice,strash,rewrite,balance,refactor,compress2,resyn,resyn3,8931,24628,8931.0,16.0,16,12242.82
2708,2575,18094,32,rewrite,compress2,balance,dc2,resub,rewrite -z,drw,refactor,resub,resyn2a,choice,strash,refactor -z,resyn3,drw,resyn3,drwsat2,choice2,strash,compress,8813,24207,8813.0,17.0,17,11928.93
632,409,29623,818,resub -z,refactor -z,choice2,strash,compress2,resyn,refactor -z,resub -z,resyn2a,dc2,refactor,resyn2,resyn2,choice,strash,drf,resyn,rewrite,compress,resyn2a,14983,35003,14983.0,848.0,848,15151.0
2708,2575,18094,32,compress,resyn2a,choice2,strash,drw,resyn,balance,compress,resub,balance,dc2,drwsat2,resyn,rwsat,resyn2a,resyn2,rewrite,resyn,dc2,drw,8753,23468,8753.0,20.0,20,11640.11
632,409,29623,818,refactor,share,resub -z,compress2,dc2,resyn3,drwsat2,resyn,share,drf,resub,compress,compress2,rwsat,resyn2a,refactor -z,drwsat2,drw,resyn2a,drwsat2,14421,33741,14421.0,948.0,948,14487.21
632,409,29623,818,resyn3,compress,resub -z,rewrite -z,share,rewrite,compress,refactor,drf,resyn3,drw,resyn3,resub -z,rwsat,dc2,balance,resub,resyn3,compress,resub,14769,34569,14769.0,920.0,920,14747.33
632,409,29623,818,rwsat,compress2,drw,drf,choice2,strash,choice,strash,choice2,strash,resub,choice,strash,choice,strash,refactor,rewrite,resyn3,rwsat,refactor -z,14972,34736,14972.0,880.0,880,15101.49
494,441,6978,72,compress,resyn3,choice,strash,resyn3,dc2,drwsat2,dc2,drwsat2,resyn2a,refactor,rewrite -z,rewrite -z,compress,compress2,resyn3,choice2,strash,share,rewrite -z,3698,8044,3698.0,54.0,54,4113.46
494,441,6978,72,rwsat,drw,dc2,resyn,choice2,strash,resub,drf,compress2,choice,strash,share,choice,strash,dc2,choice,strash,resyn2,drf,rewrite -z,3533,7638,3533.0,52.0,52,3922.75
494,441,6978,72,rewrite -z,choice,strash,refactor,resyn2,drwsat2,share,resub,dc2,refactor,rewrite -z,compress2,rewrite,resub,rewrite,drwsat2,rwsat,resub -z,refactor,compress,3470,7310,3470.0,51.0,51,3771.39
494,441,6978,72,resyn,refactor,choice,strash,drwsat2,resub,drwsat2,refactor -z,resub -z,choice2,strash,rwsat,dc2,drw,dc2,resyn3,resyn,compress,rewrite -z,rewrite,3479,7314,3479.0,54.0,54,3779.1
494,441,6978,72,resyn3,resyn2,resub,resyn,resyn,rewrite -z,drf,drwsat2,resyn,share,drwsat2,refactor -z,drwsat2,resyn,rewrite -z,rwsat,resyn3,choice2,strash,share,3773,8110,3773.0,56.0,56,4157.54
494,441,6978,72,refactor,resyn2,compress,rewrite -z,choice,strash,resyn2a,compress,dc2,compress2,balance,rewrite,dc2,refactor -z,rewrite,rewrite,drw,resyn2,balance,drwsat2,3600,7617,3600.0,49.0,49,3916.63
632,409,29623,818,rewrite -z,choice,strash,compress2,resyn,drwsat2,resub -z,compress2,dc2,resub,resub,choice2,strash,share,drw,resyn,resyn2,compress2,resyn3,drwsat2,14763,34278,14763.0,969.0,969,14738.33
2708,2575,18094,32,resyn2a,choice,strash,resyn2a,compress,compress2,rwsat,rewrite -z,drw,rewrite,choice,strash,compress2,resyn2,choice2,strash,rwsat,dc2,resyn2,refactor,8936,24575,8936.0,17.0,17,12156.11
2708,2575,18094,32,choice2,strash,refactor,balance,rewrite,compress2,compress,resyn2,balance,dc2,compress,rewrite,resyn,share,refactor -z,resub,compress2,compress,choice,strash,8324,23246,8324.0,16.0,16,11082.32
494,441,6978,72,rwsat,compress2,resub,compress,dc2,compress,dc2,resub,rwsat,compress2,rwsat,balance,choice2,strash,refactor,choice2,strash,drwsat2,refactor -z,refactor,3368,7136,3368.0,54.0,54,3685.21
632,409,29623,818,compress2,rewrite,dc2,share,choice2,strash,compress,compress2,drf,resub,resyn2a,balance,rwsat,drwsat2,refactor -z,choice2,strash,drw,balance,balance,14685,34088,14685.0,953.0,953,14719.91
2708,2575,18094,32,rewrite,resub,compress2,rwsat,choice,strash,rewrite -z,compress,refactor -z,drf,rewrite,rwsat,rewrite,choice2,strash,compress,resub,resyn,share,resyn,7288,21638,7288.0,16.0,16,10239.27
2708,2575,18094,32,share,rwsat,refactor -z,resyn2a,share,drwsat2,share,share,resyn2,drw,rewrite -z,rewrite -z,refactor -z,dc2,dc2,dc2,resub,refactor,compress,drf,7356,22185,7356.0,18.0,18,10499.13
494,441,6978,72,drw,rewrite,balance,rewrite -z,resyn2,drwsat2,rwsat,dc2,drw,refactor,choice2,strash,dc2,refactor,refactor,compress2,rewrite -z,refactor,compress,rewrite,3547,7507,3547.0,50.0,50,3866.07
494,441,6978,72,rewrite -z,drf,rwsat,resub,drwsat2,balance,resub,resub -z,resyn2a,drf,choice,strash,compress2,drf,resyn3,dc2,resyn2a,rewrite,resyn3,compress2,3506,7353,3506.0,48.0,48,3804.66
2708,2575,18094,32,balance,drwsat2,share,choice2,strash,rwsat,resyn2,rewrite -z,compress2,drf,choice,strash,resub -z,rewrite,resyn2,refactor -z,compress,compress2,choice2,strash,7021,21535,7021.0,17.0,17,10221.07
632,409,29623,818,compress2,compress2,resyn2,balance,choice,strash,compress2,dc2,drf,drwsat2,rewrite -z,drf,balance,choice2,strash,refactor,resub -z,resub -z,refactor,refactor -z,14693,34414,14693.0,955.0,955,14897.32
632,409,29623,818,choice2,strash,rewrite -z,refactor -z,choice,strash,dc2,choice2,strash,resyn3,resyn,resyn,choice,strash,compress,resyn3,resub,drw,resyn3,compress2,14835,34853,14835.0,930.0,930,15122.11
494,441,6978,72,dc2,resyn3,resyn2,resyn2,choice2,strash,rewrite -z,resub -z,compress2,dc2,drw,rewrite -z,balance,resyn3,drf,resyn3,resyn3,dc2,refactor -z,refactor -z,3506,7455,3506.0,48.0,48,3848.21
632,409,29623,818,drw,resyn2a,resyn2a,choice2,strash,resyn3,rewrite -z,resyn,resyn2a,choice2,strash,rewrite -z,drwsat2,rewrite,share,resyn,resyn2,balance,refactor,drw,15607,36910,15607.0,681.0,681,15723.65
494,441,6978,72,balance,resub -z,resub -z,resub -z,resub -z,resyn3,refactor -z,compress,drf,share,choice2,strash,drw,drf,choice,strash,dc2,drw,choice2,strash,3815,8055,3815.0,48.0,48,4127.42
632,409,29623,818,resub -z,compress2,balance,compress2,refactor,resyn2a,refactor,choice2,strash,choice,strash,rwsat,compress2,dc2,resyn3,dc2,drf,balance,share,resyn2a,15041,35153,15041.0,1017.0,1017,15144.49
494,441,6978,72,resyn2,share,refactor,drwsat2,rewrite -z,share,resub,resyn2,balance,resyn3,resyn2,balance,resub -z,rwsat,rwsat,resub -z,rewrite,balance,resyn3,balance,3629,7736,3629.0,49.0,49,3982.6
494,441,6978,72,choice,strash,rewrite -z,choice2,strash,balance,rewrite,share,resyn2a,drw,dc2,drf,drf,rewrite -z,refactor,rewrite,resyn3,dc2,compress,rewrite,3425,7107,3425.0,56.0,56,3668.42
632,409,29623,818,drw,drf,refactor,choice2,strash,compress2,dc2,resyn3,resyn,resyn2,resub -z,refactor -z,rewrite,resyn3,resub -z,resyn,rwsat,resyn,compress2,resyn2a,14624,33734,14624.0,935.0,935,14582.93
2708,2575,18094,32,drf,resub,resub,resyn2a,compress2,refactor,dc2,rewrite -z,rewrite,rwsat,refactor,resyn,refactor -z,refactor,share,balance,refactor,resub -z,compress,compress2,7808,22367,7808.0,17.0,17,10886.87
2708,2575,18094,32,resyn,dc2,resyn3,share,choice2,strash,drf,compress2,compress,choice,strash,balance,choice,strash,compress2,dc2,drw,choice2,strash,resyn2a,7420,22009,7420.0,17.0,17,10478.61
2708,2575,18094,32,choice2,strash,rewrite -z,resub,drw,drwsat2,balance,resub -z,resub -z,resyn,refactor -z,resyn,choice2,strash,balance,choice2,strash,share,rewrite,share,8498,23262,8498.0,16.0,16,11032.49
2708,2575,18094,32,drwsat2,compress2,dc2,resyn2,resyn2,rwsat,choice,strash,share,rewrite -z,choice2,strash,dc2,choice,strash,resyn,resyn2,dc2,rwsat,rewrite,7809,22702,7809.0,17.0,17,10988.79
494,441,6978,72,refactor,compress,compress,share,choice,strash,compress2,rwsat,resyn,refactor -z,compress,drw,drw,rwsat,share,resub,resyn,balance,resyn2a,resyn3,3386,7132,3386.0,59.0,59,3675.32
632,409,29623,818,resyn2,drw,rwsat,refactor,share,resyn3,compress2,compress,resyn3,resub,balance,drf,resub -z,resyn,resyn2,compress2,choice2,strash,drw,drwsat2,14581,34006,14581.0,930.0,930,14633.17
494,441,6978,72,choice,strash,refactor -z,refactor -z,choice,strash,drwsat2,rwsat,refactor -z,drf,choice,strash,compress,balance,resub,rwsat,share,share,drw,resyn,3628,7861,3628.0,55.0,55,4026.03
494,441,6978,72,refactor,share,compress2,choice2,strash,drwsat2,drwsat2,dc2,resyn2a,resyn2,rewrite -z,resub -z,drw,resyn,resub,compress2,drw,refactor,choice2,strash,3539,7471,3539.0,49.0,49,3857.93
494,441,6978,72,drw,resub -z,resyn3,refactor -z,dc2,compress2,compress2,resub -z,resub,share,refactor -z,resyn3,drwsat2,resyn3,drw,rwsat,resyn2a,refactor,compress2,rewrite -z,3471,7449,3471.0,48.0,48,3850.63
2708,2575,18094,32,balance,resyn,resub,choice2,strash,resyn,rewrite,share,rewrite,share,balance,choice2,strash,choice2,strash,drf,drwsat2,drwsat2,resub,balance,8610,23525,8610.0,17.0,17,11127.09
632,409,29623,818,choice,strash,share,choice2,strash,drw,drf,compress,drw,rewrite -z,choice2,strash,resub,rewrite -z,rwsat,drf,balance,balance,choice2,strash,15054,35356,15054.0,832.0,832,15125.56
2708,2575,18094,32,balance,refactor -z,refactor -z,refactor,resub,resyn3,rwsat,resyn3,resub,drw,share,drf,rwsat,share,compress2,compress,rwsat,drwsat2,balance,rwsat,7002,21517,7002.0,16.0,16,10198.24
494,441,6978,72,rwsat,resyn2a,resub -z,resyn2,compress,dc2,drw,rewrite,drf,refactor -z,share,drf,resyn,drw,refactor -z,resyn2a,drf,drwsat2,compress,rewrite,3669,7912,3669.0,49.0,49,4064.45
494,441,6978,72,drf,resub -z,rewrite -z,resub -z,resyn2a,rwsat,balance,dc2,refactor,resyn,rewrite,balance,resyn3,share,compress2,drf,resyn,resyn,resyn2a,compress,3726,8110,3726.0,49.0,49,4149.77
632,409,29623,818,choice,strash,choice2,strash,resub,drf,resyn2,choice2,strash,refactor,choice,strash,choice,strash,compress,drw,share,drw,drwsat2,resyn,15357,36133,15357.0,762.0,762,15537.49
494,441,6978,72,rewrite,resyn3,choice2,strash,resyn2a,resyn3,drwsat2,drf,resyn3,resyn,balance,resyn3,refactor -z,resyn2,resub,resyn,resyn3,choice2,strash,drwsat2,3362,7126,3362.0,53.0,53,3683.24
632,409,29623,818,compress2,resyn2a,drf,resyn,choice,strash,resyn3,refactor -z,dc2,resub,resub,drwsat2,balance,rewrite,rwsat,resub,resyn2a,refactor -z,resyn2a,balance,14994,34730,14994.0,878.0,878,15021.71
632,409,29623,818,rewrite,drwsat2,resyn,rwsat,rewrite -z,compress,resyn3,drw,refactor -z,rwsat,refactor -z,compress,resyn2,compress,compress,share,compress2,resub -z,compress2,rwsat,14712,34386,14712.0,1031.0,1031,14753.92
2708,2575,18094,32,compress,resub,resyn3,rewrite,dc2,refactor,dc2,balance,refactor -z,drwsat2,refactor -z,resyn,compress2,resyn3,rwsat,rewrite -z,balance,resyn,resub,compress2,8345,23711,8345.0,18.0,18,11696.05
632,409,29623,818,drw,refactor,rewrite -z,resub -z,rwsat,choice2,strash,resub,resyn3,rwsat,balance,dc2,drf,rewrite,choice2,strash,compress2,compress,share,balance,15180,35916,15180.0,949.0,949,15449.26
2708,2575,18094,32,resyn3,balance,resyn3,choice2,strash,refactor -z,choice,strash,resyn2,compress2,resyn,choice2,strash,dc2,drw,dc2,balance,compress,resyn2a,resyn2,8448,23973,8448.0,17.0,17,11835.27
2708,2575,18094,32,drwsat2,resyn2,resyn3,rwsat,resyn2a,resub -z,resub -z,resyn2a,rwsat,compress2,dc2,choice2,strash,resub,share,balance,resyn2,rewrite,balance,resub -z,7139,21568,7139.0,16.0,16,10329.63
632,409,29623,818,choice2,strash,share,choice,strash,balance,resub,refactor -z,refactor,resyn2,drw,drwsat2,compress,dc2,resub,refactor -z,dc2,balance,drw,rwsat,14569,34123,14569.0,923.0,923,14655.71
632,409,29623,818,rewrite -z,drf,resyn,resyn3,resyn3,compress,compress2,choice2,strash,resub,drwsat2,compress2,share,dc2,compress2,drf,resyn2a,balance,resyn,resyn2,14767,34425,14767.0,987.0,987,14732.59
2708,2575,18094,32,resub,drwsat2,resyn2,drf,resyn2,resub -z,refactor -z,resub,rewrite -z,drwsat2,rewrite -z,balance,share,dc2,resyn2,resyn,resyn3,resub,refactor,resyn2,8684,23130,8684.0,16.0,16,11044.26
494,441,6978,72,choice2,strash,drwsat2,share,compress,share,compress,compress,choice2,strash,drf,refactor,rewrite,rwsat,drwsat2,resyn2a,balance,rewrite,rwsat,balance,3647,7722,3647.0,55.0,55,3971.01
494,441,6978,72,compress,drf,drwsat2,rwsat,drw,resyn2a,resyn3,choice,strash,dc2,resub,rewrite,drw,resyn2a,share,drwsat2,resyn2,choice,strash,resub -z,3642,7855,3642.0,53.0,53,4022.83
632,409,29623,818,refactor -z,resyn2a,rewrite -z,resub,drf,compress2,resyn2a,rewrite -z,resub,dc2,resyn,share,rewrite,resub,share,compress,refactor,rwsat,dc2,refactor -z,14705,34385,14705.0,941.0,941,14687.92
494,441,6978,72,dc2,refactor,compress,resub -z,compress,resub -z,resyn3,choice,strash,choice2,strash,resyn3,drw,rewrite,resyn,resub,compress,balance,drw,resyn2a,3652,7874,3652.0,53.0,53,4023.71
494,441,6978,72,rwsat,choice2,strash,resub -z,resyn,rwsat,resub,compress,resyn2a,share,drwsat2,drw,dc2,drf,resyn2a,resub,drf,drf,resyn2a,compress,3577,7720,3577.0,54.0,54,3959.26
632,409,29623,818,rewrite,refactor,refactor,drw,share,drwsat2,balance,resyn,refactor,dc2,choice,strash,resyn3,balance,balance,resyn2,refactor -z,resyn2a,dc2,rewrite,14701,34394,14701.0,723.0,723,14688.52
632,409,29623,818,share,resyn2,drf,rewrite -z,resub,dc2,resyn3,drwsat2,resub,resub,drwsat2,drwsat2,drw,drwsat2,refactor,resyn3,compress2,resyn3,resub -z,rewrite -z,14585,34318,14585.0,857.0,857,14675.79
494,441,6978,72,compress2,resyn3,refactor,drwsat2,resub,drwsat2,balance,drf,choice,strash,choice,strash,balance,resyn3,resub -z,drf,balance,drw,refactor,resub -z,3349,7091,3349.0,54.0,54,3668.55
2708,2575,18094,32,resub,choice2,strash,resub,rewrite -z,drw,resyn2,balance,choice,strash,resyn2,drf,resyn3,rewrite,rwsat,drf,compress,share,compress,drw,8803,23511,8803.0,16.0,16,11181.72
2708,2575,18094,32,rewrite,rewrite,dc2,rewrite -z,balance,balance,resub,dc2,resyn,rwsat,resyn3,rewrite,refactor,rewrite -z,resyn2a,balance,compress2,drw,refactor -z,rewrite,7449,21402,7449.0,17.0,17,10623.85
494,441,6978,72,drw,resyn2,resyn3,drwsat2,drf,resub,resub,balance,resyn3,choice,strash,resub,resyn2,compress,resyn,resub -z,choice,strash,drf,resyn2,3456,7300,3456.0,48.0,48,3774.42
494,441,6978,72,resyn,choice,strash,refactor,refactor,choice2,strash,rewrite,balance,rwsat,refactor -z,choice,strash,choice,strash,resub,choice,strash,refactor -z,rewrite,3420,7245,3420.0,54.0,54,3737.99
632,409,29623,818,choice2,strash,dc2,choice,strash,drwsat2,balance,choice,strash,compress2,rwsat,resyn2,resyn2,dc2,rwsat,resyn,rewrite,share,resyn,dc2,15040,35333,15040.0,1070.0,1070,15268.98
632,409,29623,818,resub,resyn2,dc2,compress2,drf,drwsat2,resyn3,resyn2,resyn3,refactor,share,balance,rewrite -z,rewrite,drwsat2,resyn,resyn2a,resyn2,rewrite -z,drw,14720,34400,14720.0,866.0,866,14801.42
2708,2575,18094,32,resyn2,drwsat2,dc2,share,dc2,resyn2,drwsat2,compress2,drwsat2,drwsat2,dc2,drf,resyn,drf,rewrite -z,resyn,drw,refactor,resyn3,rewrite -z,7955,22404,7955.0,19.0,19,10556.62
632,409,29623,818,resyn,rewrite,rewrite,resyn3,resyn2a,rewrite -z,resyn,compress,resyn2,rewrite,resyn2,drwsat2,resub -z,choice,strash,refactor,resyn2,balance,refactor -z,resyn2a,15822,38049,15822.0,545.0,545,16332.19
2708,2575,18094,32,refactor -z,rewrite,resub -z,dc2,drf,share,rewrite,resub,choice,strash,resyn2a,share,choice,strash,resyn2a,drf,resyn2,refactor -z,share,resyn2,7157,21854,7157.0,16.0,16,10325.95
632,409,29623,818,rewrite -z,share,resyn2a,dc2,choice,strash,resyn3,balance,refactor -z,resyn2,resyn2a,resyn2,rewrite -z,resyn2,rwsat,compress,resyn3,refactor -z,drf,dc2,14499,34079,14499.0,859.0,859,14534.0
2708,2575,18094,32,resub -z,share,resyn3,rwsat,refactor -z,drwsat2,refactor,dc2,compress,drf,refactor,rewrite -z,resub,resub -z,resyn2,balance,choice,strash,resub -z,resyn3,7163,21895,7163.0,16.0,16,10339.75
632,409,29623,818,resub,share,resyn3,refactor -z,refactor,resyn2,balance,compress2,rwsat,rwsat,resyn3,resub -z,refactor,resub -z,balance,rewrite,choice2,strash,drf,refactor,14807,34631,14807.0,899.0,899,14820.93
2708,2575,18094,32,rwsat,rewrite,compress,compress,drwsat2,resyn2a,compress,refactor -z,balance,rewrite,choice2,strash,resub -z,resyn,drf,rewrite,choice,strash,drwsat2,resub,8961,24344,8961.0,16.0,16,12095.92
632,409,29623,818,resub -z,dc2,resyn2,resyn,choice,strash,compress2,resyn,refactor,choice,strash,compress,resyn2a,balance,resub -z,resub -z,choice2,strash,balance,resyn2a,14891,34612,14891.0,890.0,890,14996.81
632,409,29623,818,resub -z,refactor -z,share,rewrite,resyn3,share,compress2,compress2,dc2,resyn2a,refactor,choice,strash,drw,resyn2,resyn,resyn2,choice,strash,resyn,14451,33384,14451.0,983.0,983,14388.08
2708,2575,18094,32,resub -z,balance,drwsat2,dc2,resyn2,resyn,resub,rewrite -z,dc2,resyn2a,compress2,rewrite -z,rewrite -z,resyn2,rewrite -z,resub,choice,strash,resyn2,resyn,8505,23829,8505.0,18.0,18,11764.41
494,441,6978,72,dc2,resyn2,share,resyn2,refactor,resyn2,drf,drwsat2,drf,compress2,resub,balance,refactor,choice,strash,rewrite,resub,compress,refactor -z,compress2,3454,7331,3454.0,55.0,55,3776.86
494,441,6978,72,dc2,drf,rwsat,drwsat2,resub,resub -z,drw,balance,compress,choice,strash,resyn2,choice,strash,compress,refactor,drwsat2,refactor,drw,resyn3,3631,7737,3631.0,48.0,48,3978.31
494,441,6978,72,compress2,rewrite,rewrite -z,share,resub -z,compress,refactor -z,resub -z,compress,resyn2a,resyn2a,refactor -z,drw,rewrite -z,choice,strash,resub,dc2,refactor -z,resyn2a,3326,6982,3326.0,54.0,54,3606.64
494,441,6978,72,rwsat,compress,resyn2,resub -z,refactor -z,rewrite,drf,resub,drwsat2,compress2,share,dc2,resub,choice2,strash,choice,strash,choice,strash,resyn2a,3564,7547,3564.0,48.0,48,3886.75
494,441,6978,72,refactor,resyn2,rewrite -z,drf,resyn2,compress2,compress2,balance,resub -z,choice,strash,compress2,compress2,refactor,drf,compress,drf,drf,refactor -z,refactor -z,3587,7570,3587.0,49.0,49,3901.06
632,409,29623,818,balance,resyn3,resyn,resyn3,rwsat,drwsat2,share,drf,choice,strash,refactor -z,refactor,balance,compress,choice2,strash,resyn2a,choice,strash,compress,14840,34826,14840.0,883.0,883,15037.73
494,441,6978,72,refactor,resub -z,rwsat,drf,refactor -z,share,resub,drw,drwsat2,resub -z,resyn2a,drw,drwsat2,rewrite,drwsat2,drf,resub,refactor -z,rewrite,share,3756,8240,3756.0,50.0,50,4193.56
494,441,6978,72,refactor,compress2,choice,strash,resyn2,compress,choice2,strash,resub,drf,drf,compress2,dc2,resyn2a,choice,strash,dc2,rewrite -z,dc2,compress,3589,7583,3589.0,48.0,48,3905.91
494,441,6978,72,drwsat2,balance,resub,resub,rewrite -z,refactor -z,resyn2a,choice2,strash,drf,resyn2a,choice,strash,drf,compress,resyn3,resyn3,dc2,drf,drwsat2,3490,7388,3490.0,48.0,48,3816.82
494,441,6978,72,balance,resub,drwsat2,dc2,compress2,share,resyn3,refactor,resub -z,drf,compress,resub -z,drf,refactor,resyn2,rewrite -z,resyn,choice2,strash,drf,3489,7375,3489.0,50.0,50,3801.28
632,409,29623,818,rewrite -z,rewrite,resyn,drf,resyn,rewrite,refactor,balance,choice,strash,resub -z,share,balance,dc2,drwsat2,resyn2a,resyn2a,rewrite,rewrite,balance,15504,36718,15504.0,627.0,627,15656.76
632,409,29623,818,resyn3,resyn2,resyn2a,drwsat2,resub,refactor,choice,strash,resyn2a,resub -z,resyn,rewrite,choice2,strash,rewrite,rewrite -z,dc2,resub -z,resub,resub -z,14596,34522,14596.0,811.0,811,14887.61
2708,2575,18094,32,refactor -z,resyn2a,refactor,rewrite,rwsat,drw,drwsat2,refactor -z,resyn2,balance,choice2,strash,drw,balance,rewrite -z,balance,rewrite -z,choice2,strash,refactor,9233,24651,9233.0,17.0,17,12265.04
2708,2575,18094,32,rwsat,resyn,rwsat,resyn,drf,resyn3,resyn,rewrite -z,balance,rewrite -z,resyn2a,drw,dc2,compress,rewrite -z,resyn2a,resyn,choice,strash,resyn,8963,24517,8963.0,16.0,16,12105.64
632,409,29623,818,resyn2a,choice2,strash,choice,strash,resub -z,resub,balance,refactor,drwsat2,choice2,strash,refactor -z,resub,rwsat,rewrite -z,choice2,strash,drwsat2,resyn2,15477,36925,15477.0,721.0,721,15961.23
632,409,29623,818,compress2,resub,resyn,rewrite -z,drwsat2,resub -z,choice,strash,rwsat,drwsat2,compress,drw,rewrite,resyn3,resub -z,resyn2a,rewrite,balance,refactor,balance,14969,35259,14969.0,890.0,890,15281.27
494,441,6978,72,balance,resyn,dc2,resyn,share,rwsat,choice2,strash,dc2,rwsat,drw,rewrite,rwsat,resub -z,share,rwsat,refactor -z,rewrite -z,share,rewrite,3499,7466,3499.0,55.0,55,3836.9
632,409,29623,818,resyn2a,drf,refactor,resub -z,share,compress2,refactor -z,rwsat,choice,strash,compress2,share,refactor,resyn2,choice,strash,resyn2,drw,balance,refactor -z,14785,34778,14785.0,977.0,977,14960.84
632,409,29623,818,refactor -z,drwsat2,compress2,choice2,strash,choice2,strash,resyn3,dc2,balance,resyn3,refactor -z,share,balance,resub -z,refactor,rwsat,drf,refactor,rewrite -z,15107,35636,15107.0,868.0,868,15200.59
2708,2575,18094,32,rewrite -z,choice,strash,choice2,strash,compress2,dc2,compress2,resyn2a,dc2,choice2,strash,compress2,refactor -z,choice2,strash,compress2,choice,strash,resyn,9079,24885,9079.0,18.0,18,12331.9
2708,2575,18094,32,rwsat,balance,compress2,refactor,resyn3,resyn3,rewrite,drwsat2,choice,strash,refactor -z,drwsat2,compress,drf,resyn2a,resyn3,choice2,strash,rwsat,share,7432,21966,7432.0,16.0,16,10380.91
494,441,6978,72,resyn2a,resyn,rewrite -z,drwsat2,drwsat2,choice2,strash,compress2,drw,drwsat2,share,choice,strash,choice,strash,refactor,resyn2,refactor -z,rwsat,dc2,3496,7514,3496.0,60.0,60,3873.71
494,441,6978,72,refactor -z,balance,resyn2a,balance,choice2,strash,choice2,strash,compress2,balance,resyn2a,compress2,resyn,compress2,resyn3,dc2,resub,dc2,compress,resub -z,3469,7289,3469.0,48.0,48,3763.13
494,441,6978,72,resyn2a,resyn,drwsat2,resub -z,resub,resyn2,drf,rewrite,drw,refactor -z,choice2,strash,drf,rewrite -z,choice2,strash,refactor -z,resyn2a,dc2,compress,3417,7210,3417.0,54.0,54,3712.1
2708,2575,18094,32,rewrite -z,rewrite,compress,resyn,resub,resyn2,share,rewrite,choice2,strash,resub -z,rewrite -z,drf,refactor,choice,strash,drw,choice,strash,drwsat2,8557,23099,8557.0,16.0,16,10979.39
2708,2575,18094,32,rwsat,resyn2,rewrite,choice,strash,resyn3,refactor -z,drwsat2,rewrite -z,refactor,drw,choice,strash,resyn2,balance,refactor,compress,dc2,resub,rewrite -z,9326,25135,9326.0,18.0,18,12354.59
494,441,6978,72,resyn2a,compress,dc2,choice2,strash,drwsat2,refactor,refactor,choice2,strash,drw,drwsat2,refactor,drwsat2,dc2,drwsat2,dc2,resyn2a,refactor -z,refactor,3705,8131,3705.0,54.0,54,4150.55
2708,2575,18094,32,compress2,refactor,resub,compress2,resyn3,resyn3,resyn,rewrite -z,refactor -z,resyn2,resub,choice2,strash,balance,resyn3,rewrite,choice,strash,refactor -z,resub -z,7204,20884,7204.0,16.0,16,10420.95
494,441,6978,72,choice2,strash,drf,choice,strash,balance,resub -z,drw,rewrite -z,resub -z,refactor -z,drf,rewrite,compress2,share,drf,choice2,strash,refactor -z,compress2,3584,7680,3584.0,55.0,55,3950.15
2708,2575,18094,32,drwsat2,choice,strash,resub,refactor,drw,share,drf,choice,strash,resyn2,refactor -z,resub -z,drf,rewrite -z,drwsat2,drf,rewrite,resyn3,rewrite,7296,22168,7296.0,16.0,16,10452.58
2708,2575,18094,32,drf,drf,resyn2a,rewrite -z,drw,resyn2,refactor -z,drf,resyn3,resyn2,compress2,rewrite,choice2,strash,drf,refactor,refactor -z,rewrite -z,rewrite -z,drf,9332,24722,9332.0,18.0,18,12271.6
632,409,29623,818,resub -z,resub -z,resyn2,balance,balance,resub -z,choice2,strash,resyn,compress,refactor,drwsat2,refactor -z,resyn2a,dc2,share,resyn2,dc2,compress2,balance,14680,34392,14680.0,1046.0,1046,14798.73
2708,2575,18094,32,choice2,strash,resub -z,choice2,strash,resub,drwsat2,rewrite,refactor,refactor,compress,compress,refactor -z,choice,strash,drwsat2,drw,resyn,balance,resub,8893,24327,8893.0,16.0,16,12084.26
632,409,29623,818,share,drf,drwsat2,resyn2a,resyn2,resyn2,drw,resub -z,compress2,drw,resyn2,refactor -z,dc2,choice2,strash,share,resub -z,rewrite -z,resub,compress,14808,35009,14808.0,951.0,951,14996.05
494,441,6978,72,resub,choice2,strash,drw,balance,refactor,resub -z,balance,choice,strash,choice2,strash,rewrite,resub -z,balance,resub,rwsat,refactor,refactor -z,share,3788,8267,3788.0,54.0,54,4212.57
494,441,6978,72,resyn3,choice2,strash,balance,rewrite,drwsat2,resub -z,dc2,compress2,drw,balance,choice,strash,resyn2,balance,rwsat,drf,rewrite,refactor -z,resyn2a,3711,8013,3711.0,53.0,53,4098.24
2708,2575,18094,32,share,drw,drw,refactor -z,rewrite -z,resyn,drw,refactor -z,resyn,choice2,strash,resyn2a,drw,compress2,compress,choice,strash,drwsat2,drf,dc2,7298,22141,7298.0,19.0,19,10490.08
494,441,6978,72,resub,choice2,strash,resyn2a,compress,compress2,choice,strash,rewrite,choice2,strash,drwsat2,rewrite,drf,compress,resyn3,drw,compress,balance,resub,3444,7230,3444.0,53.0,53,3737.69
494,441,6978,72,drw,resyn3,compress2,refactor -z,drf,rewrite -z,drwsat2,drf,rwsat,rwsat,dc2,resyn,share,resyn2a,resyn,rewrite -z,resyn,resyn,drf,drf,3661,7867,3661.0,48.0,48,4046.89
494,441,6978,72,balance,resyn,compress2,resyn2,resub -z,resyn3,share,drw,drwsat2,balance,rewrite,balance,resub,choice2,strash,rewrite,drf,compress2,resyn2,resyn3,3429,7290,3429.0,56.0,56,3760.74
632,409,29623,818,share,dc2,rwsat,rewrite,share,dc2,balance,dc2,rwsat,resub -z,balance,share,drwsat2,share,rwsat,share,drwsat2,share,resub -z,dc2,14683,34691,14683.0,977.0,977,14767.82
2708,2575,18094,32,rewrite -z,drf,share,choice,strash,resub,resyn2,drwsat2,resyn3,refactor,drf,resub,drw,share,drf,resyn3,dc2,resyn2a,compress2,refactor -z,7381,21746,7381.0,17.0,17,10258.8
2708,2575,18094,32,balance,choice,strash,dc2,rwsat,resyn2,compress2,rwsat,rewrite -z,choice2,strash,share,refactor -z,resub -z,resyn3,compress2,rwsat,rewrite -z,balance,resub -z,7943,23181,7943.0,16.0,16,11145.45
2708,2575,18094,32,rewrite,rewrite,resub,refactor -z,resyn,resyn2,refactor -z,resyn2,compress2,refactor,resub,resub,compress,resyn2a,balance,resub -z,rewrite,dc2,rewrite -z,compress2,8863,24245,8863.0,19.0,19,12051.73
2708,2575,18094,32,resub -z,resub,resyn3,compress,resub -z,choice,strash,resub,rewrite,resub -z,drw,refactor -z,resyn3,rewrite,dc2,rwsat,refactor,resyn3,refactor,balance,9117,24627,9117.0,16.0,16,12247.12
494,441,6978,72,resub -z,balance,compress2,compress,rewrite -z,compress,rwsat,compress2,drwsat2,refactor -z,rewrite,drwsat2,resub,resyn2,compress,compress2,resyn3,rewrite,resyn,resyn2a,3560,7447,3560.0,48.0,48,3842.23
2708,2575,18094,32,rewrite -z,balance,compress,resyn,drwsat2,refactor,share,drf,resyn,resyn2,rewrite,choice,strash,drf,balance,resyn2a,drwsat2,share,compress,dc2,7315,22251,7315.0,17.0,17,10524.95
2708,2575,18094,32,refactor -z,drwsat2,drf,compress,rewrite,dc2,refactor -z,rewrite,rwsat,compress2,rwsat,resyn2a,choice,strash,resub -z,drw,refactor,compress,refactor -z,resyn3,8580,23490,8580.0,17.0,17,11691.69
632,409,29623,818,dc2,rewrite,resyn3,drwsat2,compress2,choice2,strash,resyn2a,rewrite -z,balance,resyn2a,drw,balance,rewrite -z,resyn3,dc2,resyn2a,refactor -z,rewrite,dc2,14982,34761,14982.0,846.0,846,14921.07
494,441,6978,72,choice,strash,dc2,compress2,refactor -z,dc2,choice,strash,rewrite,resub,refactor -z,rewrite -z,refactor -z,resyn2,resub,rwsat,rwsat,resyn2,drw,compress2,3379,7132,3379.0,53.0,53,3697.93
494,441,6978,72,balance,drwsat2,drf,refactor,choice,strash,compress2,rewrite -z,rewrite -z,refactor,share,resyn,refactor,resyn,balance,compress,dc2,resyn3,rwsat,drwsat2,3557,7441,3557.0,49.0,49,3832.26
2708,2575,18094,32,resub,rewrite -z,rwsat,resub -z,dc2,drwsat2,dc2,compress,refactor,compress2,choice,strash,drwsat2,resyn2a,compress2,choice,strash,refactor,rwsat,resyn2,8782,24299,8782.0,18.0,18,12024.94
494,441,6978,72,resyn2a,balance,rwsat,resyn3,choice,strash,dc2,drf,refactor -z,refactor -z,compress,choice,strash,share,resub,refactor,resyn3,resyn2,choice2,strash,3529,7537,3529.0,53.0,53,3874.69
2708,2575,18094,32,dc2,choice2,strash,refactor -z,refactor -z,drw,resyn2,compress2,resyn2,resyn2,resub -z,refactor,resyn2a,resub -z,share,rewrite -z,refactor -z,rewrite,rwsat,resyn,7666,22530,7666.0,16.0,16,10868.86
2708,2575,18094,32,drwsat2,rewrite -z,rewrite,drw,balance,choice,strash,resyn2a,choice2,strash,refactor,refactor,resub -z,resyn,compress2,rewrite -z,share,drw,rwsat,dc2,7300,21952,7300.0,18.0,18,10359.99
632,409,29623,818,resub -z,resub -z,resyn,choice,strash,choice2,strash,drw,resyn2a,drw,rewrite -z,rewrite,rewrite -z,resyn2a,resyn2,drf,resyn,rwsat,dc2,drw,14703,34297,14703.0,838.0,838,14747.63
632,409,29623,818,balance,rwsat,share,drf,dc2,rwsat,resyn2,compress,resyn,resyn3,resyn,resyn2,resub,share,refactor,drw,dc2,rewrite -z,drw,drwsat2,15095,35444,15095.0,808.0,808,15158.56
494,441,6978,72,drw,refactor,resyn2a,resyn,resyn2a,resub,rewrite,compress2,compress2,rewrite -z,resub,resub -z,resyn2,resub -z,resyn3,rewrite,resyn3,resub,resyn2a,rewrite,3593,7518,3593.0,48.0,48,3870.32
2708,2575,18094,32,share,resyn3,share,compress2,refactor -z,rewrite -z,rewrite,choice2,strash,resub,compress2,refactor,resyn3,compress2,choice2,strash,rewrite,resyn,compress2,drw,7239,22007,7239.0,17.0,17,10415.77
632,409,29623,818,compress,choice2,strash,drw,drwsat2,refactor -z,refactor -z,resyn,compress,rewrite -z,refactor,resub -z,choice2,strash,resub,choice,strash,dc2,compress,resyn,15040,35614,15040.0,678.0,678,15332.04
494,441,6978,72,compress2,compress2,resub,resub -z,choice,strash,resyn2a,refactor,resyn2a,resyn2a,refactor -z,rewrite -z,balance,compress,resyn3,resyn3,resyn3,resub,resyn,drw,3453,7244,3453.0,54.0,54,3741.93
632,409,29623,818,compress2,compress2,resyn2,drf,resyn2,rwsat,refactor -z,refactor -z,share,refactor -z,compress2,drwsat2,resub -z,balance,resyn3,resub,compress2,refactor -z,compress,resyn3,14158,32963,14158.0,962.0,962,14182.44
632,409,29623,818,refactor -z,resub,refactor -z,refactor -z,choice2,strash,choice2,strash,resub -z,compress,resyn,drf,drw,compress,dc2,resyn,resyn2a,share,balance,rewrite,15175,35774,15175.0,797.0,797,15330.56
2708,2575,18094,32,rewrite -z,resub,dc2,drwsat2,resub -z,drw,dc2,resyn2a,refactor,rewrite,resub -z,rwsat,rwsat,compress2,share,resyn2a,resyn2a,rewrite,choice,strash,7642,22579,7642.0,16.0,16,10966.96
632,409,29623,818,compress2,refactor -z,refactor,choice2,strash,rewrite -z,resub -z,drwsat2,rewrite,rewrite,refactor -z,choice2,strash,rewrite -z,drw,rewrite,rewrite -z,compress,resyn2,refactor -z,15202,36032,15202.0,728.0,728,15583.82
494,441,6978,72,rewrite -z,resyn,resyn,refactor -z,rewrite -z,refactor,choice2,strash,share,drwsat2,drw,resyn2,resub,drf,compress,rewrite,resyn2,resyn,drf,drf,3540,7381,3540.0,50.0,50,3803.51
632,409,29623,818,rewrite,drwsat2,dc2,compress2,resyn,compress2,choice2,strash,choice,strash,refactor,refactor,choice,strash,choice,strash,rwsat,compress2,share,rewrite -z,14913,35217,14913.0,1062.0,1062,15116.38
2708,2575,18094,32,refactor,rewrite -z,refactor -z,drw,resub -z,compress2,dc2,resyn3,rwsat,rewrite -z,resyn,share,resyn3,resyn2,compress2,compress2,resub -z,resyn3,refactor,resyn,7671,21878,7671.0,17.0,17,10571.52
494,441,6978,72,compress,resyn3,balance,compress2,resyn,compress2,rewrite -z,drw,rewrite -z,resyn2,drf,drw,resub,rwsat,rwsat,refactor -z,compress,resyn2a,resub -z,rewrite -z,3584,7517,3584.0,49.0,49,3869.94
2708,2575,18094,32,refactor -z,rewrite -z,drf,rwsat,rewrite,rewrite -z,rwsat,compress,resyn,resyn,rewrite -z,dc2,resyn2,resub,resyn3,drf,rewrite,resyn2a,rwsat,resyn2a,8582,23791,8582.0,17.0,17,11805.07
2708,2575,18094,32,resyn3,drwsat2,resyn2a,rewrite,refactor,choice,strash,rewrite,rewrite,rewrite,resyn2,refactor,dc2,rewrite,drf,rewrite,balance,share,resub -z,resub,7968,22999,7968.0,16.0,16,10981.96
632,409,29623,818,rewrite -z,refactor -z,rwsat,resub -z,resyn2a,resub,resyn,drwsat2,choice2,strash,rwsat,dc2,resyn,resyn2a,refactor -z,drw,rewrite,rwsat,rewrite -z,resub -z,15365,35851,15365.0,739.0,739,15387.25
494,441,6978,72,compress2,share,drw,rewrite -z,choice2,strash,compress,refactor,resyn,resub -z,balance,share,rewrite -z,resyn2,balance,resyn,resub -z,rewrite -z,resub,resyn,3477,7373,3477.0,54.0,54,3791.84
494,441,6978,72,rewrite -z,drf,choice2,strash,resub,choice2,strash,resyn3,rewrite -z,choice2,strash,refactor,share,choice,strash,refactor,rwsat,resub,drw,rwsat,3708,7885,3708.0,53.0,53,4032.75
632,409,29623,818,rwsat,drwsat2,resyn2,choice2,strash,rewrite -z,drw,choice2,strash,balance,refactor -z,refactor,drw,resub,dc2,share,balance,compress2,rewrite,resyn2a,14954,35120,14954.0,1019.0,1019,15117.22
2708,2575,18094,32,resyn2,refactor,resyn3,rewrite -z,refactor,resyn3,choice2,strash,resub,drwsat2,compress2,drwsat2,refactor -z,resyn,choice2,strash,compress,resyn2,drw,rewrite,8885,24250,8885.0,18.0,18,12062.96
632,409,29623,818,refactor,resyn2,choice2,strash,resyn2,resyn2,refactor -z,choice2,strash,rwsat,balance,resub,rewrite,dc2,resyn2a,drwsat2,refactor -z,resyn,drw,drw,15338,35918,15338.0,683.0,683,15478.6
632,409,29623,818,dc2,resyn3,resyn2a,resyn2a,rwsat,compress,drw,drw,resub -z,resyn,refactor,resyn2,resub,resub -z,choice2,strash,resub,choice,strash,resub -z,15384,36038,15384.0,617.0,617,15585.04
632,409,29623,818,compress,drwsat2,choice,strash,resyn3,rwsat,drf,balance,resyn2a,rwsat,refactor -z,drwsat2,resyn3,refactor -z,refactor,choice2,strash,resyn2a,compress2,resub,15183,35067,15183.0,911.0,911,15195.87
632,409,29623,818,refactor -z,dc2,drf,share,resyn2,resyn2a,drwsat2,resub,dc2,drf,rewrite,resyn,resub -z,resyn3,resyn2a,resub,choice,strash,resyn,compress,15101,35537,15101.0,665.0,665,15214.75
632,409,29623,818,resyn,choice2,strash,refactor -z,drf,rewrite -z,choice2,strash,resyn3,choice,strash,resub,refactor,drf,resyn2,resyn2,resyn2,drw,rwsat,rewrite,16089,38397,16089.0,672.0,672,16533.08
632,409,29623,818,rwsat,choice,strash,refactor -z,resub -z,compress,resyn2,refactor,resyn,rewrite,resyn3,resub -z,drw,compress,drw,resub,resub,compress2,refactor,compress,14934,34740,14934.0,914.0,914,15032.46
494,441,6978,72,resyn3,balance,compress,dc2,balance,refactor -z,compress,balance,rewrite -z,drwsat2,rewrite,resyn3,rewrite -z,refactor -z,choice2,strash,rewrite,resyn2a,compress,resyn2,3615,7530,3615.0,49.0,49,3886.71
632,409,29623,818,choice,strash,dc2,resyn3,resyn3,resyn3,resub,dc2,choice,strash,drw,rwsat,dc2,rewrite,resyn2,rewrite -z,choice,strash,choice2,strash,15023,35692,15023.0,929.0,929,15389.14
2708,2575,18094,32,resyn3,resyn2a,resyn2,drw,rewrite -z,choice,strash,drf,resub -z,share,resyn2a,refactor,drw,compress2,share,compress,compress2,refactor -z,drwsat2,rewrite,8523,22889,8523.0,16.0,16,10881.4
2708,2575,18094,32,choice,strash,resub -z,resub -z,rewrite,share,share,refactor -z,compress2,resub,resyn3,choice2,strash,drw,resyn3,dc2,resub -z,resyn3,resyn3,balance,7423,22076,7423.0,17.0,17,10491.24
632,409,29623,818,resub,rwsat,resub -z,rewrite,rewrite -z,resyn,refactor -z,choice2,strash,refactor,resub -z,resyn3,drf,resyn2a,refactor -z,choice2,strash,resyn,refactor,refactor,15512,37090,15512.0,587.0,587,15948.49
494,441,6978,72,resyn,resub,refactor,rewrite,resyn3,drf,resyn2,compress2,share,compress,refactor,choice,strash,balance,drwsat2,resub -z,drwsat2,resub -z,rewrite,compress,3558,7571,3558.0,54.0,54,3895.18
2708,2575,18094,32,drw,share,rwsat,resyn2a,resyn2,dc2,resyn2a,share,drf,refactor,balance,resyn3,resub,choice2,strash,refactor -z,drwsat2,resub -z,resyn2a,dc2,7378,22561,7378.0,17.0,17,10661.34
2708,2575,18094,32,resub -z,compress,resub,drwsat2,rwsat,compress2,share,choice,strash,share,dc2,drf,resyn,compress,share,refactor -z,resub -z,resub -z,refactor,drw,7432,21359,7432.0,17.0,17,10119.93
632,409,29623,818,rwsat,dc2,rewrite -z,choice2,strash,drwsat2,dc2,refactor -z,drwsat2,compress,rewrite,balance,choice,strash,drw,rewrite,drf,resyn3,compress2,resyn,14269,33711,14269.0,935.0,935,14542.65
494,441,6978,72,resyn2,choice2,strash,drw,resyn3,resub,resyn2,refactor,compress2,compress,resub -z,drf,choice,strash,balance,resub -z,rewrite -z,resub -z,rewrite,resub -z,3350,7107,3350.0,54.0,54,3684.47
2708,2575,18094,32,drwsat2,drw,drwsat2,rwsat,resyn3,resyn2,rwsat,resyn,choice2,strash,drwsat2,choice2,strash,drwsat2,compress,compress,choice,strash,choice2,strash,9153,24725,9153.0,16.0,16,12269.28
632,409,29623,818,resyn2a,balance,resub -z,resyn2a,refactor,compress,refactor,rewrite -z,refactor -z,refactor -z,rwsat,choice2,strash,dc2,refactor,refactor -z,drwsat2,rwsat,balance,balance,14911,35295,14911.0,788.0,788,15209.93
2708,2575,18094,32,resub -z,rewrite -z,choice,strash,resub -z,drf,refactor,choice2,strash,rewrite,compress2,rewrite,share,dc2,resyn2,resyn2a,rewrite -z,rwsat,compress,refactor,7250,21873,7250.0,17.0,17,10367.53
632,409,29623,818,choice,strash,choice,strash,resyn2a,share,refactor -z,resyn2,resyn,dc2,compress,share,refactor,dc2,resub,refactor,drw,drwsat2,compress2,drw,14668,34472,14668.0,1014.0,1014,14814.65
632,409,29623,818,compress2,choice2,strash,share,resyn2a,drf,resub -z,resyn3,drf,drwsat2,drw,resyn3,drwsat2,resyn2,resyn2a,share,compress2,choice2,strash,rewrite,15282,35443,15282.0,952.0,952,15199.53
2708,2575,18094,32,resyn,drw,rewrite -z,resub -z,share,rewrite,choice,strash,rwsat,rewrite,compress,share,choice2,strash,rewrite -z,compress2,rewrite,resyn3,resub -z,rewrite,7302,22135,7302.0,16.0,16,10480.99
2708,2575,18094,32,refactor -z,choice2,strash,compress2,drf,resub -z,drw,resyn2a,resyn,dc2,resub -z,rewrite,rewrite -z,rewrite,balance,share,compress,choice,strash,dc2,7587,22105,7587.0,18.0,18,10440.15
494,441,6978,72,balance,share,rewrite,resyn,compress,resyn,resyn,drw,drwsat2,compress2,resub -z,resyn3,resyn2a,refactor,rewrite,rewrite -z,rewrite -z,refactor,dc2,drf,3487,7404,3487.0,48.0,48,3827.09
2708,2575,18094,32,resub,rewrite -z,resub -z,drwsat2,drw,drw,share,resyn2a,rewrite,rewrite -z,refactor -z,refactor,resyn,rwsat,rewrite -z,dc2,compress,resyn2a,choice2,strash,7350,22169,7350.0,16.0,16,10489.85
2708,2575,18094,32,rewrite,resyn,rwsat,compress,balance,refactor,drf,resub,dc2,share,drwsat2,drf,choice,strash,refactor,compress,dc2,refactor -z,resyn,rewrite -z,8116,23072,8116.0,17.0,17,10892.36
494,441,6978,72,share,balance,compress2,refactor,rewrite -z,resyn3,choice2,strash,drw,refactor -z,refactor -z,resyn,balance,choice2,strash,rwsat,resyn2a,resyn,choice,strash,3412,7269,3412.0,48.0,48,3759.77
632,409,29623,818,resyn3,rwsat,share,dc2,drw,resyn2a,resub -z,drwsat2,resyn2,resub,choice2,strash,compress2,choice,strash,resyn2,rwsat,choice2,strash,drw,14543,33973,14543.0,970.0,970,14647.2
632,409,29623,818,balance,resyn2a,resyn,choice,strash,rwsat,resyn2a,resub -z,compress2,resyn2,choice2,strash,choice2,strash,balance,drwsat2,resyn2a,resyn2a,resyn2a,drwsat2,15365,35734,15365.0,814.0,814,15480.94
2708,2575,18094,32,share,resyn2,drw,choice,strash,choice2,strash,rewrite,refactor -z,resyn2,refactor,rewrite -z,refactor -z,balance,choice2,strash,resyn,compress2,drf,resyn2,7447,22374,7447.0,17.0,17,10587.56
632,409,29623,818,dc2,balance,dc2,resyn,drf,compress2,compress2,refactor,balance,rewrite,resyn2a,resyn2a,compress,rewrite -z,resyn,rewrite -z,drw,compress2,rewrite -z,refactor,15201,35830,15201.0,931.0,931,15417.28
494,441,6978,72,drw,resyn2a,rewrite -z,resyn3,drf,refactor,share,resub,drwsat2,dc2,drw,refactor,balance,rewrite,rwsat,compress,share,drf,resyn2a,balance,3652,7818,3652.0,48.0,48,4013.54
2708,2575,18094,32,share,share,dc2,rwsat,compress2,drw,resyn,compress2,dc2,resyn,resyn,rewrite -z,choice,strash,resyn3,resyn3,dc2,compress2,share,resyn2a,7189,21873,7189.0,17.0,17,10373.05
2708,2575,18094,32,drf,choice,strash,rwsat,rewrite,resyn,refactor,drw,rewrite -z,balance,drw,resub -z,drf,resyn2,dc2,compress,rewrite -z,resyn3,share,resub,8366,23341,8366.0,16.0,16,11081.39
632,409,29623,818,refactor,resub,resyn3,dc2,compress2,balance,drf,compress,drw,resub,drw,resyn2a,share,rewrite,choice,strash,share,share,rewrite,rewrite,15001,34835,15001.0,852.0,852,14977.69
632,409,29623,818,compress2,dc2,drf,rwsat,resub -z,choice2,strash,share,resyn2a,resyn3,dc2,choice2,strash,resub,resyn,compress2,resyn,dc2,resyn2a,resyn,14676,34177,14676.0,989.0,989,14677.11
2708,2575,18094,32,share,compress,dc2,compress2,resyn,choice2,strash,share,rwsat,drw,dc2,dc2,choice2,strash,resyn,resyn,dc2,drf,choice2,strash,7296,22135,7296.0,19.0,19,10487.48
2708,2575,18094,32,rewrite -z,refactor -z,compress2,refactor,resyn2a,resub -z,resub,resyn2a,choice,strash,rewrite -z,drwsat2,rewrite -z,resyn3,resub,rewrite,choice,strash,balance,drwsat2,9026,24707,9026.0,18.0,18,12309.05
632,409,29623,818,resyn,resyn3,choice,strash,drwsat2,resub -z,choice2,strash,resyn,choice,strash,choice2,strash,drw,choice2,strash,resub -z,balance,resyn,refactor,16236,38509,16236.0,618.0,618,16609.99
494,441,6978,72,resub,resub,compress,resyn2,resub -z,resyn2a,resyn2,refactor,resub -z,drf,resyn2a,compress,rewrite,refactor -z,share,resub,compress,resyn3,choice2,strash,3565,7632,3565.0,56.0,56,3918.48
632,409,29623,818,drw,rwsat,refactor,compress2,resyn2,resyn3,resyn3,refactor -z,refactor,drf,resyn2a,rwsat,drw,resyn2a,dc2,compress,drf,refactor -z,resyn3,drwsat2,14862,34480,14862.0,843.0,843,14863.53
494,441,6978,72,resyn2a,compress2,resyn2,rewrite -z,choice2,strash,balance,dc2,balance,drf,drwsat2,balance,choice2,strash,choice,strash,resyn2,resub -z,compress,drwsat2,3467,7308,3467.0,54.0,54,3773.68
632,409,29623,818,resyn2,balance,drw,drw,resyn2a,drwsat2,share,drwsat2,rewrite -z,drw,choice2,strash,rewrite,resyn,balance,resub -z,refactor,rewrite -z,drf,resyn2a,15666,37280,15666.0,665.0,665,15931.64
494,441,6978,72,drw,rewrite,rwsat,choice2,strash,choice,strash,balance,resub -z,refactor -z,drw,resyn2,resyn,balance,resyn2,resyn2,share,resyn2a,compress,resyn2a,3581,7790,3581.0,50.0,50,3999.68
494,441,6978,72,rewrite,choice,strash,resub -z,rewrite,rewrite,drw,resyn2,rewrite,balance,refactor -z,resyn2a,resyn2,compress,compress2,choice,strash,choice,strash,resub,3523,7504,3523.0,53.0,53,3862.57
494,441,6978,72,drwsat2,resyn2a,resyn,resyn3,choice,strash,compress,compress,resub,refactor -z,drwsat2,resyn2a,compress,drw,resub -z,compress,balance,compress,balance,rewrite,3476,7360,3476.0,48.0,48,3805.68
494,441,6978,72,drf,refactor,rwsat,resyn2,rewrite,dc2,refactor -z,compress2,resub -z,choice2,strash,resyn2a,resyn3,resub -z,rewrite -z,drw,rewrite -z,resyn3,rwsat,resyn2a,3488,7356,3488.0,48.0,48,3801.27
632,409,29623,818,drwsat2,refactor -z,balance,rewrite,choice,strash,share,rwsat,rewrite,refactor,share,drw,rwsat,resyn,rewrite -z,drw,rwsat,rwsat,resyn2,compress2,14641,34621,14641.0,995.0,995,14931.29
2708,2575,18094,32,drw,drw,resyn,rewrite -z,resub -z,resyn2,resyn2a,refactor -z,rewrite,drw,compress2,drwsat2,choice2,strash,share,drwsat2,share,resyn3,resub,rewrite,8313,22956,8313.0,16.0,16,10896.59
632,409,29623,818,dc2,rewrite -z,drf,resyn3,balance,drf,share,refactor -z,resyn2,rwsat,resyn2a,rewrite,resub -z,resub,refactor -z,compress2,drwsat2,rewrite -z,rewrite,resyn2a,14932,35262,14932.0,811.0,811,15176.96
2708,2575,18094,32,compress,compress,dc2,resub -z,drwsat2,resyn2,choice,strash,rewrite,rwsat,balance,rwsat,resyn,rwsat,rwsat,rewrite,rewrite,drf,refactor -z,resub,7427,21146,7427.0,16.0,16,10534.2
632,409,29623,818,resyn2a,balance,resyn2a,drw,resub,resyn2,resyn,share,dc2,dc2,rewrite -z,refactor -z,compress,compress,resub -z,drw,dc2,rwsat,resub -z,resyn3,14845,35007,14845.0,849.0,849,14911.23
632,409,29623,818,choice,strash,resub,resub,drw,resyn,resyn2,drwsat2,drw,resub -z,compress,rewrite -z,share,choice,strash,drf,resyn,choice,strash,refactor -z,14897,35075,14897.0,795.0,795,15098.54
494,441,6978,72,resyn2a,drwsat2,resyn3,compress2,compress,choice2,strash,resyn,share,rewrite -z,dc2,resyn2a,resub,balance,dc2,refactor,compress2,refactor,compress,rewrite,3573,7745,3573.0,53.0,53,3968.69
632,409,29623,818,choice2,strash,compress2,rewrite,drf,share,balance,resyn,refactor -z,dc2,rwsat,compress2,refactor -z,dc2,refactor -z,dc2,drwsat2,refactor,drf,rewrite,15014,35263,15014.0,1019.0,1019,15136.88
494,441,6978,72,compress2,rwsat,resyn3,drwsat2,resub,resub -z,refactor -z,resyn2,dc2,rwsat,balance,resyn,compress,rewrite,resyn2,choice,strash,choice2,strash,resub -z,3384,7134,3384.0,54.0,54,3689.13
494,441,6978,72,drw,choice,strash,choice,strash,drf,choice,strash,resyn3,resyn2,drf,drwsat2,rewrite,rwsat,resub -z,resyn2,refactor -z,resub,resyn3,balance,3443,7344,3443.0,48.0,48,3798.07
632,409,29623,818,balance,compress,share,rewrite,drwsat2,refactor,resub -z,rwsat,compress2,rwsat,dc2,share,rewrite,compress2,drwsat2,drf,choice2,strash,refactor -z,drw,14557,34150,14557.0,996.0,996,14695.3
2708,2575,18094,32,drwsat2,share,resyn3,compress2,drw,refactor -z,dc2,rewrite -z,resub,choice2,strash,resyn2a,balance,resyn2a,rwsat,resub -z,resub -z,refactor,choice,strash,6989,21497,6989.0,17.0,17,10183.98
494,441,6978,72,compress,share,refactor -z,share,resyn,compress,drw,resyn,resyn3,drf,choice2,strash,resub -z,share,drf,resub,share,rewrite -z,drf,resyn,3677,7853,3677.0,53.0,53,4011.05
2708,2575,18094,32,rewrite -z,dc2,rwsat,rewrite,choice2,strash,balance,compress,share,rwsat,compress2,choice,strash,dc2,drf,resub,balance,refactor -z,drf,refactor,7390,22304,7390.0,17.0,17,10569.62
2708,2575,18094,32,resub,compress,refactor,resyn,share,resub -z,rewrite -z,choice2,strash,balance,drw,drw,resyn3,rewrite,drwsat2,drw,resyn3,drf,compress2,drw,7392,22279,7392.0,17.0,17,10524.0
2708,2575,18094,32,rewrite,rwsat,resub,refactor -z,resub,compress2,compress2,rewrite,resyn3,share,rewrite,compress,choice,strash,balance,rewrite,dc2,drwsat2,choice2,strash,8547,22855,8547.0,17.0,17,10912.89
494,441,6978,72,compress2,share,rwsat,compress2,drwsat2,drf,drw,drf,resyn2,drwsat2,resyn,share,resyn,compress2,drw,resub -z,refactor -z,resyn,refactor -z,resyn,3568,7588,3568.0,49.0,49,3902.73
2708,2575,18094,32,share,choice2,strash,compress2,resub -z,rewrite -z,choice,strash,resyn3,drwsat2,resub,resyn2,refactor -z,choice,strash,resyn2,refactor,drw,drf,rewrite,7530,22568,7530.0,17.0,17,10645.12
632,409,29623,818,rewrite,compress2,refactor,rewrite -z,choice2,strash,compress,compress2,balance,resub,resyn2,resyn2,resyn,rewrite -z,compress2,rwsat,resyn2a,refactor,resyn,rewrite,14693,34020,14693.0,957.0,957,14782.7
632,409,29623,818,drf,choice,strash,resub,choice2,strash,rewrite -z,share,share,drwsat2,resub -z,choice2,strash,drwsat2,resyn,drw,resyn3,rewrite -z,drw,share,14972,34987,14972.0,799.0,799,14973.27
2708,2575,18094,32,refactor -z,choice2,strash,choice,strash,choice,strash,refactor,refactor -z,resub -z,resyn3,resyn2a,rewrite,resyn3,refactor -z,choice2,strash,resub -z,share,resyn2,7759,21949,7759.0,17.0,17,10522.51
494,441,6978,72,share,refactor -z,rewrite,rewrite,rewrite,rewrite,resub,resyn,resub -z,rwsat,resyn3,share,compress2,resyn,drf,dc2,refactor -z,drw,resyn,resyn3,3539,7570,3539.0,49.0,49,3885.72
632,409,29623,818,resyn2,refactor,drwsat2,resyn,rwsat,rwsat,resyn3,drf,rewrite,drwsat2,resub -z,refactor -z,share,rewrite,rewrite -z,compress2,choice,strash,share,compress2,14636,34276,14636.0,977.0,977,14690.02
632,409,29623,818,balance,refactor -z,resub,balance,choice,strash,resyn2a,drf,rewrite -z,compress2,resyn,resub -z,share,compress,choice2,strash,drwsat2,resyn2a,choice2,strash,15007,34935,15007.0,918.0,918,14974.4
632,409,29623,818,drw,resub -z,dc2,resub,choice,strash,compress2,choice2,strash,rewrite -z,resyn,drwsat2,balance,resyn2,choice,strash,resyn2a,choice2,strash,resyn,14788,34674,14788.0,909.0,909,15063.26
2708,2575,18094,32,compress2,refactor -z,resyn2,rewrite -z,resyn2,choice2,strash,rwsat,dc2,resub -z,resyn,resyn3,compress2,choice2,strash,resyn2a,drw,balance,resub,drf,9079,24760,9079.0,17.0,17,12226.61
632,409,29623,818,resub -z,balance,resub -z,rwsat,drw,resyn,resyn3,choice,strash,choice2,strash,refactor,rewrite -z,drw,resub -z,resub -z,rewrite -z,resyn2,choice2,strash,15945,37679,15945.0,599.0,599,16090.14
632,409,29623,818,share,resub -z,choice2,strash,share,balance,resub -z,drw,drwsat2,resub -z,choice,strash,drwsat2,rewrite -z,rwsat,resyn3,resyn,compress,choice2,strash,14809,34893,14809.0,826.0,826,14872.87
632,409,29623,818,refactor,drwsat2,dc2,rewrite,balance,choice,strash,balance,refactor -z,resyn3,refactor -z,rewrite -z,choice2,strash,compress2,resyn,resyn2a,resyn3,compress2,rwsat,14805,34866,14805.0,854.0,854,15075.68
494,441,6978,72,rewrite,rewrite,rewrite -z,resub -z,resyn3,drw,rewrite,drf,resyn3,compress2,drw,dc2,resub,rewrite -z,refactor,drwsat2,balance,resyn2a,resyn3,resub -z,3603,7539,3603.0,48.0,48,3886.91
494,441,6978,72,drwsat2,resub -z,resub,resyn,drwsat2,compress2,resub,refactor -z,refactor,dc2,choice2,strash,dc2,resub -z,balance,rewrite,refactor,drf,resyn,share,3749,8178,3749.0,49.0,49,4175.46
